policy,trace,strict,relaxed
Clipper,twitter,0.378787879,0.416842105,0.457511312
full,twitter,0.852794613,0.861052632,0.838371041
Cocktail,twitter,0.112794613,0.121052632,0.158371041
Clipper,wiki,0.77170418,0.735294118,0.87
full,wiki,0.852794613,0.871052632,0.838371041
Cocktail,wiki,0.225080386,0.191176471,0.12

